{"f_items": [14, 194.015625, 402, 92], "f_price": [14, 317.015625, 402, 40], "f_city": [14, 388.015625, 402, 40], "f_cur": [14, 459.015625, 402, 40], "f_run": [14, 606.015625, 402, 50], "f_photos_t": [123.359375, 136.015625, 85.015625, 14], "page_h": 672}